{
  "alias" : "Cube_Cube.001_None",
  "vertices" : [3,0,5,
    3,2,5,
    3,0,3,
    3,2,3,
    5,0,5,
    5,2,5,
    5,0,3,
    5,2,3],

  "indices" : [1,2,0,3,6,2,7,4,6,5,0,4,6,0,2,3,5,7,1,3,2,3,7,6,7,5,4,5,1,0,6,4,0,3,1,5],
  "Ka" : [0.00000,0.00000,0.00000],
  "d" : 1.00000,
  "Kd" : [0.80000,0.80000,0.80000],
  "illum" : 2,
  "Ks" : [0.80000,0.80000,0.80000],
  "Ns" : 0.00000,
  "diffuse" : [1.00,1.00, 0.00,1.00]
}