{
  "alias" : "Cube_Cube_Material",
  "vertices" : [2.0,0.030478,
    -1.999999,2.0,0.030478
    ,2.0,-2.0,0.030478
    ,1.999999,-1.999999,0.030478,
    -2.0,0.0,4.030478,0.0],
  "indices" : [1,3,0,3,2,4,2,1,4,4,0,3,1,0,4,1,2,3],
  "Ni" : 1.00000,
  "Ka" : [1.00000,1.00000,1.00000],
  "d" : 1.00000,
  "Kd" : [0.64000,0.64000,0.64000],
  "illum" : 2,
  "Ks" : [0.50000,0.50000,0.50000],
  "Ns" : 96.07843,
  "diffuse" : [0.00,1.00, 1.00,1.00]
}
